[
	{
		"name": "Dagger",
		"unique_name": "weapon:dagger",
		"resource": "res://resources/weapons/daggers/dagger.tres",
		"scene": "res://Scenes/Weapons/Daggers/Dagger.tscn"
	},
	{
		"name": "Sword",
		"unique_name": "weapon:sword",
		"resource": "res://resources/weapons/swords/sword.tres",
		"scene": "res://Scenes/Weapons/Swords/Sword.tscn"
	},
	{
		"name": "Gun",
		"unique_name": "weapon:gun",
		"resource": "res://resources/weapons/guns/gun.tres",
		"scene": "res://Scenes/Weapons/Guns/Gun.tscn"
	}
]
